Source_LV,Source_RV,Period_LV,Period_RV,Sample_and_Kind_LV,Sample_and_Kind_RV,Result_LV,Result_RV,Biden_Trump_LV,Biden_Trump_RV
CNBC/Change Research (D)*,Economist/YouGov,8/7 - 8/9,8/9 - 8/11,2143 LV,1208 RV,Biden +6,Biden +10,6,10
Rasmussen Reports,Monmouth*,8/5 - 8/11,8/6 - 8/10,2500 LV,785 RV,Biden +6,Biden +10,6,10
GU Politics/Battleground,The Hill/HarrisX,8/1 - 8/6,8/2 - 8/5,1000 LV,2850 RV,Biden +13,Biden +3,13,3
Rasmussen Reports,Economist/YouGov,7/29 - 8/4,8/2 - 8/4,2500 LV,1229 RV,Biden +3,Biden +9,3,9
Emerson,Economist/YouGov,7/29 - 7/30,7/26 - 7/28,964 LV,1260 RV,Biden +4,Biden +9,4,9
Rasmussen Reports,IBD/TIPP,7/22 - 7/28,7/25 - 7/28,2500 LV,1160 RV,Biden +6,Biden +7,6,7
CBS News/YouGov,Harvard-Harris,7/21 - 7/24,7/21 - 7/23,1401 LV,1932 RV,Biden +10,Biden +10,10,10
Rasmussen Reports,Economist/YouGov,7/15 - 7/21,7/19 - 7/21,2500 LV,1222 RV,Biden +2,Biden +7,2,7
ABC News/Wash Post,FOX News,7/12 - 7/15,7/12 - 7/15,673 LV,1104 RV,Biden +10,Biden +8,10,8
CNBC/Change Research (D)*,Economist/YouGov,7/10 - 7/12,7/12 - 7/14,1258 LV,1252 RV,Biden +10,Biden +9,10,9
Rasmussen Reports,Quinnipiac,7/8 - 7/14,7/9 - 7/13,1500 LV,1273 RV,Biden +3,Biden +15,3,15
Rasmussen Reports,Economist/YouGov,7/5 - 7/7,7/5 - 7/7,1500 LV,1165 RV,Biden +10,Biden +9,10,9
CNBC/Change Research (D),Monmouth,6/26 - 6/28,6/26 - 6/30,1663 LV,733 RV,Biden +8,Biden +12,8,12
CNBC/Change Research (D),Quinnipiac,6/10 - 6/12,6/11 - 6/15,1250 LV,1332 RV,Biden +10,Biden +8,10,8
CNBC,Monmouth,5/29 - 5/31,5/28 - 6/1,1457 LV,742 RV,Biden +7,Biden +11,7,11
CBS News/YouGov,ABC News/Wash Post,5/29 - 6/1,5/25 - 5/28,1486 LV,835 RV,Biden +4,Biden +10,4,10
Rasmussen Reports,FOX News,5/18 - 5/19,5/17 - 5/20,1000 LV,1207 RV,Biden +5,Biden +8,5,8
CNBC,Quinnipiac,5/15 - 5/17,5/14 - 5/18,1424 LV,1323 RV,Biden +3,Biden +11,3,11
CNBC,Monmouth,5/1 - 5/3,4/30 - 5/4,1489 LV,739 RV,Biden +3,Biden +9,3,9
CBS News/YouGov,Emerson,4/28 - 5/1,4/26 - 4/28,1671 LV,1200 RV,Biden +6,Biden +6,6,6
Grinnell/Selzer,Harvard-Harris,3/27 - 3/30,3/24 - 3/26,777 LV,2410 RV,Biden +4,Biden +10,4,10